{
  "Profiles": [{
    "Name": "M1 Mac Development",
    "Guid": "D7FE8E3C-A2B4-4D5F-8E6A-9B0C1D2E3F4G",
    "Custom Command": "No",
    "Working Directory": "~/",
    "Prompt Before Closing 2": 0,
    "Selected Text Color": {
      "Red Component": 0.90196078431372551,
      "Color Space": "sRGB",
      "Blue Component": 0.90196078431372551,
      "Green Component": 0.90196078431372551
    },
    "Rows": 30,
    "Ansi 11 Color": {
      "Red Component": 0.98039215686274506,
      "Color Space": "sRGB",
      "Blue Component": 0.18431372549019609,
      "Green Component": 0.74117647058823533
    },
    "Use Italic Font": true,
    "Foreground Color": {
      "Red Component": 0.90196078431372551,
      "Color Space": "sRGB",
      "Blue Component": 0.63137254901960782,
      "Green Component": 0.83137254901960778
    },
    "Use Custom Window Title": false,
    "Columns": 120,
    "Background Color": {
      "Red Component": 0.11372549019607843,
      "Color Space": "sRGB",
      "Blue Component": 0.12941176470588237,
      "Green Component": 0.12549019607843137
    },
    "Cursor Color": {
      "Red Component": 0.90196078431372551,
      "Color Space": "sRGB",
      "Blue Component": 0.63137254901960782,
      "Green Component": 0.83137254901960778
    },
    "Ansi 10 Color": {
      "Red Component": 0.72156862745098038,
      "Color Space": "sRGB",
      "Blue Component": 0.14901960784313725,
      "Green Component": 0.73333333333333328
    },
    "Ansi 8 Color": {
      "Red Component": 0.57647058823529407,
      "Color Space": "sRGB",
      "Blue Component": 0.45098039215686275,
      "Green Component": 0.51372549019607838
    },
    "Ansi 9 Color": {
      "Red Component": 0.95686274509803926,
      "Color Space": "sRGB",
      "Blue Component": 0.20392156862745098,
      "Green Component": 0.28627450980392155
    },
    "Ansi 0 Color": {
      "Red Component": 0.15686274509803921,
      "Color Space": "sRGB",
      "Blue Component": 0.15686274509803921,
      "Green Component": 0.15686274509803921
    },
    "Ansi 1 Color": {
      "Red Component": 0.80000000000000004,
      "Color Space": "sRGB",
      "Blue Component": 0.11372549019607843,
      "Green Component": 0.14117647058823529
    },
    "Ansi 2 Color": {
      "Red Component": 0.59607843137254901,
      "Color Space": "sRGB",
      "Blue Component": 0.10196078431372549,
      "Green Component": 0.59215686274509804
    },
    "Ansi 3 Color": {
      "Red Component": 0.84313725490196079,
      "Color Space": "sRGB",
      "Blue Component": 0.12941176470588237,
      "Green Component": 0.60000000000000009
    },
    "Ansi 4 Color": {
      "Red Component": 0.27058823529411763,
      "Color Space": "sRGB",
      "Blue Component": 0.53333333333333333,
      "Green Component": 0.52156862745098043
    },
    "Ansi 5 Color": {
      "Red Component": 0.69411764705882351,
      "Color Space": "sRGB",
      "Blue Component": 0.52549019607843139,
      "Green Component": 0.38431372549019605
    },
    "Ansi 6 Color": {
      "Red Component": 0.40784313725490196,
      "Color Space": "sRGB",
      "Blue Component": 0.41568627450980394,
      "Green Component": 0.61568627450980395
    },
    "Ansi 7 Color": {
      "Red Component": 0.66666666666666663,
      "Color Space": "sRGB",
      "Blue Component": 0.52941176470588236,
      "Green Component": 0.60000000000000009
    },
    "Ansi 12 Color": {
      "Red Component": 0.51372549019607838,
      "Color Space": "sRGB",
      "Blue Component": 0.59607843137254901,
      "Green Component": 0.64705882352941169
    },
    "Ansi 13 Color": {
      "Red Component": 0.82745098039215681,
      "Color Space": "sRGB",
      "Blue Component": 0.60784313725490191,
      "Green Component": 0.52549019607843139
    },
    "Ansi 14 Color": {
      "Red Component": 0.55686274509803924,
      "Color Space": "sRGB",
      "Blue Component": 0.48627450980392156,
      "Green Component": 0.75294117647058822
    },
    "Ansi 15 Color": {
      "Red Component": 0.92156862745098034,
      "Color Space": "sRGB",
      "Blue Component": 0.69803921568627447,
      "Green Component": 0.85882352941176465
    },
    "Bold Color": {
      "Red Component": 0.90196078431372551,
      "Color Space": "sRGB",
      "Blue Component": 0.63137254901960782,
      "Green Component": 0.83137254901960778
    },
    "Normal Font": "MesloLGSNF-Regular 13",
    "Option Key Sends": 0,
    "Custom Directory": "No",
    "ASCII Anti Aliased": true,
    "Non-ASCII Anti Aliased": true,
    "Vertical Spacing": 1.1,
    "Use Bold Font": true,
    "Use Bright Bold": true,
    "Cursor Text Color": {
      "Red Component": 0.11372549019607843,
      "Color Space": "sRGB",
      "Blue Component": 0.12941176470588237,
      "Green Component": 0.12549019607843137
    },
    "Cursor Type": 1,
    "Blinking Cursor": true,
    "Minimum Contrast": 0,
    "Sync Title": false,
    "Draw Powerline Glyphs": true,
    "Left Option Key": 2,
    "Right Option Key": 2,
    "Mouse Reporting": true,
    "Semantic History": {
      "action": "best editor",
      "text": "",
      "editor": "com.microsoft.VSCode"
    },
    "Unlimited Scrollback": true,
    "Scrollback Lines": 0,
    "Close Sessions On End": true,
    "Terminal Type": "xterm-256color",
    "Visual Bell": false,
    "Silence Bell": true,
    "Unicode Normalization": 0,
    "Use Underline Color": false,
    "Underline Color": {
      "Red Component": 0.90196078431372551,
      "Color Space": "sRGB",
      "Blue Component": 0.63137254901960782,
      "Green Component": 0.83137254901960778
    }
  },
  {
    "Name": "M1 Mac Development (Source Code Pro)",
    "Guid": "A1B2C3D4-E5F6-7G8H-9I0J-K1L2M3N4O5P6",
    "Custom Command": "No",
    "Working Directory": "~/",
    "Prompt Before Closing 2": 0,
    "Selected Text Color": {
      "Red Component": 0.90196078431372551,
      "Color Space": "sRGB",
      "Blue Component": 0.90196078431372551,
      "Green Component": 0.90196078431372551
    },
    "Rows": 30,
    "Ansi 11 Color": {
      "Red Component": 0.98039215686274506,
      "Color Space": "sRGB",
      "Blue Component": 0.18431372549019609,
      "Green Component": 0.74117647058823533
    },
    "Use Italic Font": true,
    "Foreground Color": {
      "Red Component": 0.90196078431372551,
      "Color Space": "sRGB",
      "Blue Component": 0.63137254901960782,
      "Green Component": 0.83137254901960778
    },
    "Use Custom Window Title": false,
    "Columns": 120,
    "Background Color": {
      "Red Component": 0.11372549019607843,
      "Color Space": "sRGB",
      "Blue Component": 0.12941176470588237,
      "Green Component": 0.12549019607843137
    },
    "Cursor Color": {
      "Red Component": 0.90196078431372551,
      "Color Space": "sRGB",
      "Blue Component": 0.63137254901960782,
      "Green Component": 0.83137254901960778
    },
    "Ansi 10 Color": {
      "Red Component": 0.72156862745098038,
      "Color Space": "sRGB",
      "Blue Component": 0.14901960784313725,
      "Green Component": 0.73333333333333328
    },
    "Ansi 8 Color": {
      "Red Component": 0.57647058823529407,
      "Color Space": "sRGB",
      "Blue Component": 0.45098039215686275,
      "Green Component": 0.51372549019607838
    },
    "Ansi 9 Color": {
      "Red Component": 0.95686274509803926,
      "Color Space": "sRGB",
      "Blue Component": 0.20392156862745098,
      "Green Component": 0.28627450980392155
    },
    "Ansi 0 Color": {
      "Red Component": 0.15686274509803921,
      "Color Space": "sRGB",
      "Blue Component": 0.15686274509803921,
      "Green Component": 0.15686274509803921
    },
    "Ansi 1 Color": {
      "Red Component": 0.80000000000000004,
      "Color Space": "sRGB",
      "Blue Component": 0.11372549019607843,
      "Green Component": 0.14117647058823529
    },
    "Ansi 2 Color": {
      "Red Component": 0.59607843137254901,
      "Color Space": "sRGB",
      "Blue Component": 0.10196078431372549,